INSERT INTO `employees` VALUES (1, "smith",1988-5-07,"M","1 Parker Street","7am to 3pm",20);
INSERT INTO `employees` VALUES (2, "damon",'1989-5-09',"M","2 marcella Street","9am to 4pm",21);
INSERT INTO `employees` VALUES (3, "tina",'1985-6-17',"F","22 calumet Street","3pm to 6pm",20);
INSERT INTO `employees` VALUES (4, "taylor",'1982-9-27',"M","1 smith Street","3pm to 6pm",20);
INSERT INTO `employees` VALUES (5, "gracia",'1989-5-16',"F","2 stagecoach rd","3pm to 6pm",20);
INSERT INTO `employees` VALUES (6, "sylvie",'1995-5-27',"F","10 Hill Street","7am to 3pm",20);
INSERT INTO `employees` VALUES (7, "Ashwin",'1990-8-17',"M","5 green Street","8am to 4pm",30);
INSERT INTO `employees` VALUES (8, "Aswath",'1992-3-15',"M","221 Parker Street","5pm to 1am",30);
INSERT INTO `employees` VALUES (9, "Janani",'1996-9-14',"F","12 smith Street","6pm to 1am",30);
INSERT INTO `employees` VALUES (10, "Madhu",'1988-8-24',"F","2 Center Street","9am to 3pm",30);
INSERT INTO `employees` VALUES (11, "James",'1993-11-07',"M","2 Green Street","9am to 3pm",30);
INSERT INTO `employees` VALUES (12, "Noah",'1987-7-12',"M","5 South Street","6pm to 1am",30);
INSERT INTO `employees` VALUES (13, "Jack",'1995-5-17',"M","45 Center Street","6pm to 1am",30);
INSERT INTO `employees` VALUES (14, "Liam",'1988-5-13',"M","8 Main Street","6pm to 1am",30);
INSERT INTO `employees` VALUES (15, "Anthony",'1994-10-03',"M","22 Parker Hill Ave","9am to 3pm",30);
INSERT INTO `employees` VALUES (16, "Aditi",'1996-4-13',"F","25 Parker Hill Ave","6pm to 1am",20);
INSERT INTO `employees` VALUES (17, "Neha",'1986-7-07',"F","22 Mission Main Ave","9am to 5pm",20);
INSERT INTO `employees` VALUES (18, "Naveen",'1988-6-17',"M","256 Center Street","2pm to 10pm",30);

insert into employees values (19, 'Arte Harms', '1991-9-18', 'F', '5543 Elmside Drive', '5 AM to 2 PM', 55);
insert into employees values (20, 'Giorgio Lambregts', '1997-09-10', 'F', '2 Ridgeview Point', '6 PM to 3AM', 61);
insert into employees values (21, 'Fayina Garrity', '1998-01-11', 'F', '9965 Veith Junction', '2 PM to 9 PM', 51);
insert into employees values (22, 'Ginger Cunde', '1996-01-22', 'M', '12784 Eagan Lane', '2pm to 4pm', 40);

insert into employees values (23, 'Claus Denne', '1989-9-11', 'F', '63 Holmberg Trail', '1pm to 9pm', 92); 
insert into employees values (24, 'Denny Tremollet', '1997-3-31', 'F', '68746 Bunker Hill Court', '9am to 5pm', 68);
insert into employees values (25, 'Marsha Woodings', '1998-4-25', 'M', '313 Oak Crossing', '10am to 6pm', 98);
insert into employees values (26, 'Pascale Favel', '1997-2-25', 'M', '22 Continental Place', '8am to 5pm', 33);
insert into employees values (27, 'Yorke Yewman', '1988-07-11', 'F', '3 West Street', '3pm to 10pm', 62);
insert into employees values (28, 'Fayre Brandino', '1987-7-8', 'M', '70285 Chinook Junction', '4pm to 12am', 58);
insert into employees values (29, 'Alon Purdie', '2000-7-18', 'F', '28414 Cottonwood Parkway', '2pm to 10pm', 27);
insert into employees values (30, 'Petronilla Mathewes', '1999-8-26', 'M', '30 Butternut Park', '10am to 4pm', 70);
insert into employees values (31, 'Erroll Parysiak', '1987-9-11', 'M', '372 Golden Leaf Trail', '10am to 6pm', 69);
insert into employees values (32, 'Genvieve Ysson', '1991-9-12', 'M', '8 Hoffman Alley', '9am to 5pm', 52);
insert into employees values (33, 'Ximenez Metzig', '1991-3-5', 'F', '3097 Anderson Avenue', '10am to 6pm', 82);
insert into employees values (34, 'Adelind Frankiss', '1998-10-27', 'F', '500 Carioca Junction', '6pm to 1am', 27);
insert into employees values (35, 'Mart Sherme', '1987-3-27', 'M', '4381 Farragut Place', '6pm to 12am', 89);
insert into employees values (36, 'Iggie McIlharga', '2000-8-24', 'F', '6105 Larry Street', '4pm to 10pm', 51);
insert into employees values (37, 'Britni Gerding', '1996-7-14', 'F', '9374 Mosinee Hill', '3pm to 10pm', 62);
insert into employees values (38, 'Vevay Kunkler', '1998-7-8', 'M', '8872 Laurel Place', '8am to 4pm', 51);
insert into employees values (39, 'Stevy Tuffield', '1995-11-20', 'F', '16227 Kipling Park', '12pm tp 7pm', 27);
insert into employees values (40, 'Lavena Acreman', '1997-3-1', 'M', '0 Old Shore Park', '11am to 6pm', 75);
insert into employees values (41, 'Morena Reach', '1987-6-9', 'F', '993 Kim Circle', '10am to 6pm', 75);
insert into employees values (42, 'Consalve Milhench', '1997-11-20', 'M', '488 Sachtjen Junction', '10am to 5pm', 56);
insert into employees values (43, 'Phoebe Osburn', '2994-6-8', 'M', '82 Oak Circle', '4pm to 11pm', 41);
insert into employees values (44, 'Paulie Simoncini', '1994-9-20', 'F', '939 Oxford Crossing', '3pm to 10pm', 91);
insert into employees values (45, 'Man Rounsefull', '1990-11-10', 'M', '692 Melvin Road', '3pm to 11pm', 29);
insert into employees values (46, 'Archaimbaud Keepe', '1981-1-21', 'F', '6039 Del Mar Hill', '4pm to 11pm', 30);
insert into employees values (47, 'Robby Faithfull', '2000-1-14', 'M', '39964 Sutherland Circle', '9am to 4pm', 76);
insert into employees values (48, 'Stavro Gamlin', '1990-3-16', 'F', '2 Maple Drive', '10am to 5pm', 93);
insert into employees values (49, 'Jeno Shoulders', '1996-1-24', 'F', '59879 Kensington Park', '9am to 4pm', 91);
insert into employees values (50, 'Clerkclaude Feenan', '1986-8-23', 'M', '397 Troy Center', '10am to 5pm', 91);


-- Admin staff
insert into administrative_staff (employee_id, station_id, staff_type, responsibilities) values (1, 1, 'Admin', 'Checking');
insert into administrative_staff (employee_id, station_id, staff_type, responsibilities) values (2, 2, 'Admin', 'Issuing');
insert into administrative_staff (employee_id, station_id, staff_type, responsibilities) values (3, 3, 'Admin', 'Checking');
insert into administrative_staff (employee_id, station_id, staff_type, responsibilities) values (4, 4, 'Admin', 'Issuing');
insert into administrative_staff (employee_id, station_id, staff_type, responsibilities) values (5, 5, 'Admin', 'Issuing');
insert into administrative_staff (employee_id, station_id, staff_type, responsibilities) values (6, 6, 'Admin', 'Issuing');
insert into administrative_staff (employee_id, station_id, staff_type, responsibilities) values (7, 7, 'Admin', 'Issuing');
insert into administrative_staff (employee_id, station_id, staff_type, responsibilities) values (8, 8, 'Admin', 'Checking');
insert into administrative_staff (employee_id, station_id, staff_type, responsibilities) values (9, 9, 'Admin', 'Checking');
insert into administrative_staff (employee_id, station_id, staff_type, responsibilities) values (10, 10, 'Admin', 'Checking');
insert into administrative_staff (employee_id, station_id, staff_type, responsibilities) values (11, 11, 'Admin', 'Checking');
insert into administrative_staff (employee_id, station_id, staff_type, responsibilities) values (12, 12, 'Admin', 'Issuing');
insert into administrative_staff (employee_id, station_id, staff_type, responsibilities) values (13, 13, 'Admin', 'Checking');
insert into administrative_staff (employee_id, station_id, staff_type, responsibilities) values (14, 14, 'Admin', 'Checking');
insert into administrative_staff (employee_id, station_id, staff_type, responsibilities) values (15, 15, 'Admin', 'Issuing');
insert into administrative_staff (employee_id, station_id, staff_type, responsibilities) values (16, 16, 'Admin', 'Checking');
insert into administrative_staff (employee_id, station_id, staff_type, responsibilities) values (17, 17, 'Admin', 'Checking');
insert into administrative_staff (employee_id, station_id, staff_type, responsibilities) values (18, 18, 'Admin', 'Checking');
insert into administrative_staff (employee_id, station_id, staff_type, responsibilities) values (19, 19, 'Admin', 'Issuing');
insert into administrative_staff (employee_id, station_id, staff_type, responsibilities) values (20, 20, 'Admin', 'Checking');
insert into administrative_staff (employee_id, station_id, staff_type, responsibilities) values (21, 21, 'Admin', 'Checking');

-- manager
insert into manager (employee_id, station_id) values (42, 1);
insert into manager (employee_id, station_id) values (22, 2);
insert into manager (employee_id, station_id) values (23, 3);
insert into manager (employee_id, station_id) values (24, 4);
insert into manager (employee_id, station_id) values (25, 5);
insert into manager (employee_id, station_id) values (26, 6);
insert into manager (employee_id, station_id) values (27, 7);
insert into manager (employee_id, station_id) values (28, 8);
insert into manager (employee_id, station_id) values (29, 9);
insert into manager (employee_id, station_id) values (30, 10);
insert into manager (employee_id, station_id) values (31, 11);
insert into manager (employee_id, station_id) values (32, 12);
insert into manager (employee_id, station_id) values (33, 13);
insert into manager (employee_id, station_id) values (34, 14);
insert into manager (employee_id, station_id) values (35, 15);
insert into manager (employee_id, station_id) values (36, 16);
insert into manager (employee_id, station_id) values (37, 17);
insert into manager (employee_id, station_id) values (38, 18);
insert into manager (employee_id, station_id) values (39, 19);
insert into manager (employee_id, station_id) values (40, 20);
insert into manager (employee_id, station_id) values (41, 21);

-- motorman
insert into manager (license_id, tram_experience, employee_id) values (766024, 10, 43);
insert into manager (license_id, tram_experience, employee_id) values (751348, 5, 44);
insert into manager (license_id, tram_experience, employee_id) values (782479, 3, 45);
insert into manager (license_id, tram_experience, employee_id) values (721270, 9, 46);
insert into manager (license_id, tram_experience, employee_id) values (840108, 9, 47);
insert into manager (license_id, tram_experience, employee_id) values (822709, 5, 48);
insert into manager (license_id, tram_experience, employee_id) values (787520, 5, 49);
insert into manager (license_id, tram_experience, employee_id) values (919604, 4, 50);




INSERT INTO `passenger` VALUES (1, "emma","emma@gmail.com",'1998-5-13',"F","1 Pond Street");
INSERT INTO `passenger` VALUES (2, "amelia","amelia@gmail.com",'1988-5-21',"F","2 moon Street");
INSERT INTO `passenger` VALUES (3, "Steve","steve@gmail.com",'1977-7-26',"M","1 smith Street");
INSERT INTO `passenger` VALUES (4, "Gabriel","gabriel@gmail.com",'1986-3-25',"F","5 Pond Street");
INSERT INTO `passenger` VALUES (5, "Sophia","sophia@gmail.com",'1991-6-17',"F","1 charles Street");
INSERT INTO `passenger` VALUES (6, "Scarlett","scarlett@gmail.com",'1992-4-26',"F","2 Mass Street");
INSERT INTO `passenger` VALUES (7, "Lucas","lucas@gmail.com",'1996-5-16',"M","1 carson Street");
INSERT INTO `passenger` VALUES (8, "Liam","liam@gmail.com",'1995-7-18',"M","2 Carson Street");
INSERT INTO `passenger` VALUES (9, "Grace","grace@gmail.com",'1989-5-16',"F","23 charles Street");
INSERT INTO `passenger` VALUES (10, "Emily","emily@gmail.com",'1997-6-27',"F","1 shawmut ave");
INSERT INTO `passenger` VALUES (11, "Olivia","olivia@gmail.com",'1999-3-10',"F","1 huntington ave");
INSERT INTO `passenger` VALUES (12, "Stevie","stevie@gmail.com",'1982-8-13',"F","11 smith Street");




INSERT INTO `station` VALUES (1,"Downtown Crossing","1 Down Street","Parking",1);
INSERT INTO `station` VALUES (2,"Park St","2 Park Street","ATM",1);
INSERT INTO `station` VALUES (3,"State","4 Down State","Lounge",1);
INSERT INTO `station` VALUES (4,"Govt Center","3 Center street","Parking",1);
INSERT INTO `station` VALUES (5,"Ruggles","1 Rugg Street","ATM",1);
INSERT INTO `station` VALUES (6,"Stony Brook","4 Brook Ave","Lounge",1);
INSERT INTO `station` VALUES (7,"JFK","2 Umass Ave","Parking",1);
INSERT INTO `station` VALUES (8,"Shawmut","3 Pond Ave","Parking",1);
INSERT INTO `station` VALUES (9,"Wollaston","3 Wood Street","Lounge",1);
INSERT INTO `station` VALUES (10,"South St","4 South street","Lounge",1);
INSERT INTO `station` VALUES (11,"Kent St","2 king street","Parking",1);
INSERT INTO `station` VALUES (12,"Newton Centre","22 center street","Parking",1);
INSERT INTO `station` VALUES (13,"Symphony","2 huntington ave","Parking",1);
INSERT INTO `station` VALUES (14,"Harvard","3 harvard sq","Parking",1);
INSERT INTO `station` VALUES (15,"Wood Island","34 wood ave","Lounge",1);
INSERT INTO `station` VALUES (16,"Assembly","21 assembly ave","ATM",1);
INSERT INTO `station` VALUES (17,"Copley","27 Copley St","ATM, Lounge",1);
INSERT INTO `station` VALUES (18,"BU Central","7 Central St","ATM, Lounge",1);
INSERT INTO `station` VALUES (19,"Longwood","2 Long St","ATM",1);
INSERT INTO `station` VALUES (20,"Union Square","28 Union St","ATM",1);
INSERT INTO `station` VALUES (21,"Alewife","30 Alewife Ave","ATM",1);




INSERT INTO `line` VALUES ("Green Line B");
INSERT INTO `line` VALUES ("Green Line C");
INSERT INTO `line` VALUES ("Green Line D");
INSERT INTO `line` VALUES ("Green Line E");
INSERT INTO `line` VALUES ("Orange Line");
INSERT INTO `line` VALUES ("Red Line");
INSERT INTO `line` VALUES ("Red Line M");
INSERT INTO `line` VALUES ("Blue Line");



INSERT INTO `route` VALUES (1,100,"Green Line B");
INSERT INTO `route` VALUES (2,200,"Green Line C");
INSERT INTO `route` VALUES (3,100,"Green Line D");
INSERT INTO `route` VALUES (4,400,"Green Line E");
INSERT INTO `route` VALUES (5,200,"Red Line");
INSERT INTO `route` VALUES (6,100,"Red Line M");
INSERT INTO `route` VALUES (7,100,"Blue Line");
INSERT INTO `route` VALUES (8,100,"Orange Line");

-- route_id, station_id, stop_no
-- Green line B
INSERT INTO `route_station` VALUES(1,10,1);
INSERT INTO `route_station` VALUES(1,18,2);
INSERT INTO `route_station` VALUES(1,17,3);
INSERT INTO `route_station` VALUES(1,2,4);
INSERT INTO `route_station` VALUES(1,4,5);
INSERT INTO `route_station` VALUES(1,20,6);


-- Green line D
INSERT INTO `route_station` VALUES(3,12,1);
INSERT INTO `route_station` VALUES(3,19,2);
INSERT INTO `route_station` VALUES(3,17,3);
INSERT INTO `route_station` VALUES(3,2,4);
INSERT INTO `route_station` VALUES(3,4,5);
INSERT INTO `route_station` VALUES(3,20,6);

-- Red line
INSERT INTO `route_station` VALUES(5,9,1);
INSERT INTO `route_station` VALUES(5,7,2);
INSERT INTO `route_station` VALUES(5,1,3);
INSERT INTO `route_station` VALUES(5,2,4);
INSERT INTO `route_station` VALUES(5,14,5);
INSERT INTO `route_station` VALUES(5,21,6);


-- Orange Line
INSERT INTO `route_station` VALUES(8,6,1);
INSERT INTO `route_station` VALUES(8,5,2);
INSERT INTO `route_station` VALUES(8,1,3);
INSERT INTO `route_station` VALUES(8,3,4);
INSERT INTO `route_station` VALUES(8,16,5);


 
INSERT INTO `tram` VALUES (1,"South St","M/T/W","9am-1am",1, true);
INSERT INTO `tram` VALUES (2,"Newton Centre","M/T/W","9am-1am",3, true);

INSERT INTO `tram` VALUES (3,"Union Square","Th/Fri/Sat","9am-10pm",1, false);
INSERT INTO `tram` VALUES (4,"Union Square","Th/Fri/Sat","9am-10pm",3, false);


INSERT INTO `tram` VALUES (5,"Wollaston","M/T/W","9am-1am",5, true);
INSERT INTO `tram` VALUES (6,"Alewife","M/T/W","9am-1am",5, false);

INSERT INTO `tram` VALUES (7,"Stony Brook","M/T/W","9am-6pm",8, true);
INSERT INTO `tram` VALUES (8,"Assembly","M/T/W","9am-6pm",8, false);










INSERT INTO `motorman` VALUES(1,"2 years",7)
INSERT INTO `motorman` VALUES(2,"2 years",8)
INSERT INTO `motorman` VALUES(3,"3 years",9)
INSERT INTO `motorman` VALUES(4,"3 years",10)
INSERT INTO `motorman` VALUES(5,"4 years",6)





 
  INSERT INTO `manager` VALUES(1,1)
  INSERT INTO `manager` VALUES(2,2)
  INSERT INTO `manager` VALUES(3,10)
  INSERT INTO `manager` VALUES(11,11)




INSERT INTO `administrative_staff` VALUES('Issuing',"Admin",4,10);
INSERT INTO `administrative_staff` VALUES('Checking',"Admin",5,11);
INSERT INTO `administrative_staff` VALUES('Issuing',"Admin",12,13);
INSERT INTO `administrative_staff` VALUES('Issuing',"Admin",13,16);
INSERT INTO `administrative_staff` VALUES('Issuing',"Admin",14,7);
INSERT INTO `administrative_staff` VALUES('Checking',"Admin",15,12);



   
INSERT INTO `cargo_unit` VALUES(1,200,4);
INSERT INTO `cargo_unit` VALUES(2,300,5);
INSERT INTO `cargo_unit` VALUES(3,100,3);
INSERT INTO `cargo_unit` VALUES(4,300,2);
INSERT INTO `cargo_unit` VALUES(5,200,5);
INSERT INTO `cargo_unit` VALUES(6,100,3);
INSERT INTO `cargo_unit` VALUES(7,100,3);
INSERT INTO `cargo_unit` VALUES(8,100,3);





   










INSERT INTO `motorman_tram` VALUES(7,1)
INSERT INTO `motorman_tram` VALUES(8,2)
INSERT INTO `motorman_tram` VALUES(9,5)
INSERT INTO `motorman_tram` VALUES(10,9)
INSERT INTO `motorman_tram` VALUES(6,10)